week_ending,narrative,generated_at
2026-03-31,"Here is the requested summary:

Executive Summary:
The total spend for Psiog Digital's activities over the 25 March to 31 March period this year has reached ₹238,400. The primary driver of this increase was our top-performing ML team, which incurred an additional ₹2,014 in costs compared to the same week last year. Our highest spending category was Compute, with a notable spike in spend attributed to Infrastructure and CloudOps initiatives. As we head into the next week, I want to highlight our analytics team's continued strong performance and recommend allocating extra resources to further optimize their operations.

Key Drivers:
- The ML ( ₹24,014 ) team: saw an increase of 1.1% compared to last year.
- Infrastructure/CloudOps: drove a 0.3% increase in spend over the period.
- Compute: experienced a 1.2% increase in overall spend.

Concerns/Trends:
While our analytics team has shown consistent performance, there is room for further optimization to maintain profitability and growth.

Recommended Action for Next Week:
To ensure continued strong performance from our analytics team, I recommend allocating additional resources to enhance their data engineering capabilities and expand their offerings to drive more efficient analysis and insights.",2026-07-22 04:26:52
